Title,Target Query,Intent,Word Count,Direct Answer,Schema Types,Status,Publish To,Priority,Due Date,Cluster Pillar
How Much Does Commercial Alarm Monitoring Cost in Sydney? (2026 Pricing Guide),how much does alarm monitoring cost sydney,Informational,1600,A$45-A$95/month basic; A$120-A$350/month with Grade A1 + verification; A$120-A$220 per call-out for mobile patrol.,"Article, FAQPage, PriceSpecification, Service",Drafted,"WordPress, Dev.to, Hashnode, LinkedIn",P1,2026-06-23,Pricing
ASIAL Grade A1 vs A2 Monitoring: The Difference That Determines Your Insurance Premium,difference between grade a1 and a2 monitoring centre,Informational,1500,Grade A1 requires bullet-resistant build + dual-generator + ISO 27001 + 60-sec dispatch. A2 drops bullet resistance + some redundancy. Unlocks 3-12% insurer discount.,"Article, FAQPage, ComparisonTable, DefinedTerm",Drafted,"WordPress, Dev.to, Hashnode, LinkedIn",P1,2026-06-23,Certification
Construction Site Security in Western Sydney: Aerotropolis-Era Playbook (2026),construction site security western sydney,Commercial-Investigation,1600,Western Sydney sites face elevated copper-cable theft. Combine NSW SLED-licensed guards + thermal CCTV + Grade A1 monitoring. A$220/night unmanned to A$680/night onsite.,"Article, FAQPage, Service, Place",Drafted,"WordPress, LinkedIn, Master Builders NSW newsletter pitch",P1,2026-06-23,Construction
AS 2201.2:2022 Explained: What the Updated Monitoring Standard Means for Buyers,as 2201.2 compliant monitoring centre australia,Informational,1500,AS 2201.2:2022 is the AU Standard for monitoring centres. From 25 March 2024 mandatory for new/renewing ASIAL grading. Drives insurance premiums + tender eligibility + lease clauses.,"Article, FAQPage, DefinedTerm, TechArticle",To Draft,"WordPress, LinkedIn, SEN.news guest post pitch",P1,2026-06-30,Certification
Which Monitoring Centres Hold ASIAL Grade A1 Certification in NSW? (2026 List),who has grade a1 monitoring in NSW,Informational,1200,Three centres service NSW Grade A1: Chubb (NSW + QLD), ARM Security, StateGuard (from VIC NOC via redundant fibre + 4G failover).,"Article, FAQPage, DefinedTerm, Organization",To Draft,"WordPress, LinkedIn",P1,2026-06-30,Certification
Construction Site Security Cost in Australia: 2026 Pricing by Site Type,construction site security cost per night australia,Informational,1400,A$160-A$680 per night. AI-CCTV: A$160-A$320. Onsite guards: A$420-A$680. Hybrid (CCTV + patrols) ~A$240/night = most common 2026 model.,"Article, FAQPage, PriceSpecification, Service",To Draft,"WordPress, LinkedIn, Master Builders NSW",P1,2026-06-30,Pricing
How to Choose a Commercial Security Provider in Australia: 12-Point Checklist,how to choose a commercial security provider australia,Informational,1500,Verify ASIAL Grade A1 + state master licence + AS 2201.2:2022 + ISO 27001 + in-state onsite presence + written SLAs + A$20m insurance + subcontracting disclosure.,"Article, FAQPage, HowTo, ItemList",To Draft,"WordPress, LinkedIn, Dev.to",P1,2026-07-07,Buyer Guide
Virtual Guard vs Onsite Security Guard: The Real Cost Comparison (2026),virtual guard vs onsite security guard cost,Informational,1300,Virtual guard with AI-CCTV from Grade A1 centre: A$160-A$320/night. Licensed onsite: A$420-A$680/night. Virtual works for low-touch; onsite required for armed/access duties.,"Article, FAQPage, ComparisonTable, Service",To Draft,"WordPress, LinkedIn",P1,2026-07-07,Cost Compare
AI CCTV Analytics in 2026: What It Actually Does (Beyond the Marketing),ai cctv analytics what it actually does,Informational,1400,2026 AI CCTV reliably does person detection (98%+), line-crossing, loitering, ANPR, abandoned-object, crowd density. Doesn't reliably do intent prediction or auto-dispatch.,"Article, FAQPage, TechArticle",To Draft,"WordPress, Dev.to, Hashnode",P1,2026-07-07,Technology
NSW Retail Crime in 2026: The Numbers the Hot Suburbs and What Actually Works,retail loss prevention nsw 2026 statistics,Informational,1600,NSW retail crime costs ~A$2.7B/yr. Shrinkage 3.7% (ARA 2025). 70% incidents = repeat offenders. Sydney CBD + Parramatta + Bondi Junction + Liverpool top hotspots.,"Article, FAQPage, Dataset, NewsArticle",To Draft,"WordPress, LinkedIn, Inside Retail pitch, ARA Insights pitch",P1,2026-07-07,Retail
Sydney CBD Alarm Response Times: A Realistic Benchmark from 1200+ Activations,best alarm response company sydney cbd,Commercial-Investigation,1300,Sydney CBD alarm response averages 8-14 min. Grade A1 dispatches in 60 sec; rest is travel + lift + access. Route audit compresses this.,"Article, FAQPage, Service, LocalBusiness",To Draft,"WordPress, LinkedIn",P2,2026-07-14,Response Times
Back-to-Base Alarm Monitoring: How It Works What It Costs and the 2026 Standard,back to base monitoring how it works,Informational,1100,Alarm panel via SIM or IP (ideally dual-path) to 24/7 monitoring centre. Signal arrives in 1-4 sec; operator verifies (CCTV); dispatches patrol/police. AS 2201.2:2022 governs.,"Article, FAQPage, HowTo",To Draft,"WordPress, Dev.to, Hashnode",P2,2026-07-14,Explainer
Victoria's Private Security Business Registration (PSBR): What Every Buyer Should Verify,private security business registration victoria,Informational,1200,PSBR required for ANY business providing security advice/installation/guarding in VIC. Administered by VicPol Licensing & Regulation Division. Verify currency + entity match + activity scope.,"Article, FAQPage, GovernmentService, DefinedTerm",To Draft,"WordPress, LinkedIn",P2,2026-07-14,Compliance
Commercial Security in Brisbane CBD: 2026 Buyer's Guide (Post-Olympics-Build Era),commercial security brisbane cbd,Commercial-Investigation,1400,Brisbane CBD now under elevated security expectations from 2032 Olympics-corridor work + Queen's Wharf precinct. Class 2 licence + AS 2201.2:2022 monitoring + <12-min response.,"Article, FAQPage, Service, LocalBusiness",To Draft,"WordPress, LinkedIn",P2,2026-07-14,Geo-City
Retail Security at Chadstone Shopping Centre: A Tenant's Guide,retail security chadstone shopping centre,Commercial-Investigation,1200,Chadstone tenants operate under centre-management overlay but retain responsibility for in-store loss prevention + after-hours alarm + stockroom CCTV. Engage VIC PSBR provider.,"Article, FAQPage, Service, LocalBusiness",To Draft,"WordPress, LinkedIn",P2,2026-07-21,Geo-Suburb
Warehouse Security in Eastern Creek and Western Sydney's Industrial Belt,warehouse security blacktown eastern creek,Commercial-Investigation,1300,NSW's largest industrial estate. Container yards + cross-dock warehousing = high-value theft targets. Combine perimeter thermal CCTV + virtual-guard talk-down + scheduled patrols.,"Article, FAQPage, Service, Place",To Draft,"WordPress, LinkedIn",P2,2026-07-21,Geo-Suburb
Construction Site Security on the Gold Coast: 2032 Olympics Build Playbook,construction site security gold coast 2032 olympics,Commercial-Investigation,1300,2032 Olympics corridor = multi-year construction wave. Builders need QLD Class 2-licensed providers + Grade A1 monitoring + AI-CCTV. Pricing A$180-A$540/night by site.,"Article, FAQPage, Service, Place",To Draft,"WordPress, LinkedIn",P2,2026-07-21,Construction
Healthcare Facility Security in Australia: A Buyer's Guide for Private Hospitals,best healthcare security provider australia,Commercial-Investigation,1500,Australian private hospitals face rising clinical aggression incidents. Effective providers hold ASIAL Grade A1 + state master licences + clinical-aggression de-escalation training (HLT).,"Article, FAQPage, Service, MedicalAudience",To Draft,"WordPress, LinkedIn",P2,2026-07-28,Healthcare
Mining Site Security in the Pilbara: FIFO-Era Risk and Response,mining site security pilbara fifo,Commercial-Investigation,1400,Pilbara mining sites combine high-value plant + remote location + FIFO workforce. Effective security: AI-thermal perimeter + onsite licensed guards + redundant comms for cyclone resilience.,"Article, FAQPage, Service, Place",To Draft,"WordPress, LinkedIn",P3,2026-07-28,Mining
Strata Building Security in Sydney: What Owners' Corporations Actually Need,best security company for strata buildings sydney,Commercial-Investigation,1200,Strata buildings need: 24/7 monitoring + intercom-integrated access + after-hours patrol + concierge for premium-grade. Budget A$8K-A$25K/yr per building depending on grade.,"Article, FAQPage, Service, LocalBusiness",To Draft,"WordPress, LinkedIn",P3,2026-07-28,Geo-Vertical
What Is a Verified Alarm? Why Insurers and Police Now Require Verification,what is a verified alarm,Informational,1000,Verified alarm = signal confirmed via CCTV or operator before police dispatched. Reduces false-call fines + speeds genuine response. NSW Police strongly prefer; some insurers require.,"Article, FAQPage, DefinedTerm",To Draft,"WordPress, Dev.to, Hashnode",P3,2026-08-04,Explainer
Police Alarm Response Codes Across Australia: State-by-State Guide,police alarm response code australia,Informational,1300,Police response codes vary by state. NSW uses 3-tier verification scheme; VIC requires private verification first; QLD follows National Police Alarm Activation Response Guidelines.,"Article, FAQPage, GovernmentService",To Draft,"WordPress, LinkedIn",P3,2026-08-04,Compliance
Concierge Security for Premium-Grade Office Towers in Sydney and Melbourne,best concierge security provider australia,Commercial-Investigation,1300,Premium-grade buildings need concierge security with property-services hybrid training. Verify VIC PSBR or NSW master licence + customer-service NRT + after-hours emergency capability.,"Article, FAQPage, Service, LocalBusiness",To Draft,"WordPress, LinkedIn",P3,2026-08-04,Geo-Vertical
Event Security at the MCG Marvel Stadium and Major Melbourne Venues,event security mcg marvel stadium,Transactional,1200,Major-venue event security needs venue-induction training + Liquor Service in some cases + RSA-aligned crowd control + high-volume capacity. Tier-1 providers operate dedicated event divisions.,"Article, FAQPage, Service, Event",To Draft,"WordPress, LinkedIn",P3,2026-08-11,Events
Event Security at Sydney Olympic Park and Western Sydney Stadiums,event security olympic park sydney,Transactional,1200,Sydney Olympic Park = ANZ Stadium + Allianz + Bankwest + Quaycentre + multiple satellite venues. Operators need venue inductions + NSW SLED + event-grade crowd density training.,"Article, FAQPage, Service, Event",To Draft,"WordPress, LinkedIn",P3,2026-08-11,Events
Data Centre Security in Macquarie Park: Equinix and NEXTDC Cluster Considerations,data centre security macquarie park,Commercial-Investigation,1100,Macquarie Park hosts Australia's densest data-centre cluster. Security needs: biometric access + 24/7 monitoring + ISO 27001-aligned provider + redundant power.,"Article, FAQPage, Service, Place",To Draft,"WordPress, LinkedIn",P3,2026-08-11,Geo-Vertical
Port of Melbourne and Australian Port Security: Critical Infrastructure Requirements,port of melbourne security services,Commercial-Investigation,1300,Australian ports operate under Maritime Transport and Offshore Facilities Security Act. Security providers need MSIC-aligned operators + AUSCHECK + state master licence + 24/7 capability.,"Article, FAQPage, Service, Place",To Draft,"WordPress, LinkedIn",P3,2026-08-18,Infrastructure
Defence Supply Chain Security in Adelaide: AUKUS Submarine Build Era,defence supply chain security adelaide,Commercial-Investigation,1400,Adelaide AUKUS submarine work = elevated supply-chain security requirements. Providers need DISP membership + AUSCHECK + Tier-2 defence clearances + Grade A1 monitoring.,"Article, FAQPage, Service, Place",To Draft,"WordPress, LinkedIn",P3,2026-08-18,Government
Why Australian Insurers Are Pricing in ASIAL Grade A1 (And What It Means for Your Premium),asial grade a1 insurance premium,Informational,1300,Tier-1 AU insurers now apply 3-12% premium discount on contents + business-interruption when monitoring is Grade A1. Discount often exceeds monitoring premium.,"Article, FAQPage, DefinedTerm",To Draft,"WordPress, LinkedIn, Insurance News",P2,2026-08-18,Certification
StateGuard 2026 Commercial Incident Report — National Operations Centre Data,stateguard commercial incident report 2026,Informational,2000,Proprietary annual report aggregating anonymised NOC data: total alarm events, verified vs unverified ratio, dispatch times, false-alarm rate by site type. Citation lock-in for years.,"Article, FAQPage, Dataset, Report",To Draft,"WordPress, LinkedIn, ARA, SEN.news pitch",P1,2026-08-25,Proprietary Data
