Keyword,State,Suburb/Precinct,Intent,AI Overview Likelihood,Service Line,Priority,Notes
best alarm response company sydney cbd,NSW,Sydney CBD,Commercial-Investigation,High,Alarm Response,P1,Tier-1 commercial high-rise
24/7 cctv monitoring parramatta,NSW,Parramatta,Commercial-Investigation,Medium,CCTV Monitoring,P1,NSW second CBD
security guards north sydney commercial buildings,NSW,North Sydney,Commercial-Investigation,Medium,Security Guards,P2,Office tower density
construction site security western sydney,NSW,Western Sydney,Commercial-Investigation,High,Construction Security,P1,Aerotropolis + WestConnex
mobile patrol services penrith industrial,NSW,Penrith,Commercial-Investigation,Medium,Mobile Patrol,P2,Distribution warehouses near M7
retail security bondi junction,NSW,Bondi Junction,Commercial-Investigation,Medium,Retail Security,P2,Westfield + boutique strip
data centre security macquarie park,NSW,Macquarie Park,Commercial-Investigation,Low,Specialised,P2,Equinix / NEXTDC cluster
warehouse security blacktown eastern creek,NSW,Eastern Creek,Commercial-Investigation,Medium,Warehouse,P1,Largest NSW industrial estate
hotel concierge security chatswood,NSW,Chatswood,Transactional,Low,Concierge,P3,Chinese-language hotel precinct
how much does alarm monitoring cost sydney,NSW,Sydney,Informational,High,Alarm Monitoring,P1,Pricing query - perfect AIO bait
who has grade a1 monitoring in NSW,NSW,Statewide,Informational,High,Monitoring/Cert,P1,Direct-answer informational
sled licensed security company sydney,NSW,Sydney,Commercial-Investigation,Medium,Compliance,P2,Regulatory trust signal
event security olympic park sydney,NSW,Sydney Olympic Park,Transactional,Medium,Events,P2,Stadium / venue work
retail loss prevention nsw 2026 statistics,NSW,Statewide,Informational,High,Retail Security,P1,Data-led citable for years
best security company for strata buildings sydney,NSW,Sydney,Commercial-Investigation,Medium,Strata,P2,Recurring contracts
alarm response melbourne cbd,VIC,Melbourne CBD,Commercial-Investigation,High,Alarm Response,P1,StateGuard home turf
cctv monitoring docklands waterfront,VIC,Docklands,Commercial-Investigation,Medium,CCTV Monitoring,P2,Mixed-use towers
warehouse security dandenong south,VIC,Dandenong South,Commercial-Investigation,Medium,Warehouse,P2,Largest VIC industrial precinct
construction site security craigieburn,VIC,Craigieburn,Commercial-Investigation,Medium,Construction,P1,StateGuard HQ + growth corridor
retail security chadstone shopping centre,VIC,Chadstone,Commercial-Investigation,Medium,Retail Security,P2,Largest mall in southern hemisphere
mobile patrol box hill,VIC,Box Hill,Commercial-Investigation,Low,Mobile Patrol,P3,Eastern suburbs commercial
hospital security private clinics south yarra,VIC,South Yarra,Commercial-Investigation,Low,Healthcare,P3,Private health corridor
who has grade a1 monitoring in melbourne,VIC,Statewide,Informational,High,Monitoring/Cert,P1,StateGuard literally only one
private security business registration victoria,VIC,Statewide,Informational,High,Compliance,P1,Buyer due-diligence query
port of melbourne security services,VIC,West Melbourne,Commercial-Investigation,Low,Infrastructure,P3,Critical infrastructure
event security mcg marvel stadium,VIC,Melbourne,Transactional,Medium,Events,P2,Major venue work
as 2201.2 compliant monitoring centre australia,National,Statewide,Informational,High,Monitoring/Cert,P1,Highest AI-citation opportunity
commercial security brisbane cbd,QLD,Brisbane CBD,Commercial-Investigation,High,Commercial,P1,Tier-1 CBD
construction site security gold coast 2032 olympics,QLD,Gold Coast,Commercial-Investigation,Medium,Construction,P1,Olympic build narrative
retail security queens plaza fortitude valley,QLD,Brisbane,Commercial-Investigation,Low,Retail Security,P3,Mall + nightlife precinct
qld security providers act class 2 licence,QLD,Statewide,Informational,High,Compliance,P1,Regulatory evergreen
mining site security mt isa central qld,QLD,Regional QLD,Commercial-Investigation,Low,Mining,P3,FIFO operations
cyclone-resilient monitoring centre qld,QLD,Statewide,Informational,Medium,Monitoring,P2,Climate-resilience angle
mining site security pilbara fifo,WA,Pilbara,Commercial-Investigation,Medium,Mining,P2,Resource sector
perth cbd commercial security guards,WA,Perth CBD,Commercial-Investigation,Medium,Commercial,P2,Mid-tier metro
warehouse security canning vale wa,WA,Canning Vale,Commercial-Investigation,Low,Warehouse,P3,WA industrial
port of fremantle security services,WA,Fremantle,Commercial-Investigation,Low,Infrastructure,P3,Critical infrastructure
adelaide cbd alarm monitoring,SA,Adelaide,Commercial-Investigation,Medium,Alarm Monitoring,P2,Underserved metro
wine industry security barossa valley,SA,Barossa,Commercial-Investigation,Low,Specialised,P3,Niche but high-margin
defence supply chain security adelaide,SA,Adelaide,Commercial-Investigation,Low,Government,P2,AUKUS submarine work
mawson lakes commercial security,SA,Mawson Lakes,Commercial-Investigation,Low,Commercial,P3,Tech park
what is asial grade a1 certification,National,—,Informational,High,Monitoring/Cert,P1,Definitive-answer hook
difference between grade a1 and a2 monitoring centre,National,—,Informational,High,Monitoring/Cert,P1,Comparison = AIO magnet
how to choose a commercial security provider australia,National,—,Informational,High,Buyer Guide,P1,Buyer's-guide intent
retail crime statistics australia 2026,National,—,Informational,High,Retail Security,P1,Data-driven link bait
virtual guard vs onsite security guard cost,National,—,Informational,High,Cost Compare,P1,Cost-compare AIO answer
ai cctv analytics what it actually does,National,—,Informational,High,Technology,P1,Tech explainer
police alarm response code australia,National,—,Informational,High,Compliance,P2,Regulatory explainer
back to base monitoring how it works,National,—,Informational,High,Explainer,P2,Definitive-answer bait
construction site security cost per night australia,National,—,Informational,High,Pricing,P1,First-mover pricing vacuum
