Platform/Site,Type,URL,Priority,Action,Status,DA/DR Est,Notes
WordPress (stateguard.com.au/blog),Owned,https://stateguard.com.au/blog,P1,Publish canonical version of every brief here first,Active,—,Canonical home — all republications point back here
LinkedIn Company Page,Social/Article,https://au.linkedin.com/company/stateguard,P1,Reshare every blog as a LinkedIn Article + UGC post,Active,DA 98,Get article published within 24h of WordPress publish
Dev.to,Republish,https://dev.to,P1,Cross-post with canonical_url tag pointing to WP,To Set Up,DA 89,Free; auto-publishable via API; tech audience overlaps with AI surveillance content
Hashnode,Republish,https://hashnode.com,P1,Cross-post with canonical_url tag pointing to WP,To Set Up,DA 74,Free; auto-publishable via GraphQL API; growing AI-engine citation rates
Medium,Republish,https://medium.com,P2,Draft export then manual paste (API deprecated 2023),To Set Up,DA 96,Strong AI-engine signal still; manual paste OK
SEN.news (Security Electronics Network),Editorial/Guest Post,https://sen.news,P1,Pitch AS 2201.2:2022 explainer + Grade A1 vs A2 comparison,Outreach,DA 52,Highest-authority AU security publication; editor-pitch via contact page
Australian Security Magazine,Editorial/Guest Post,https://australiansecuritymagazine.com.au,P1,Pitch quarterly stats report from StateGuard NOC,Outreach,DA 44,Industry trade publication; contributor program available
Inside Retail,Editorial/Guest Post,https://insideretail.asia,P1,Pitch retail crime stats commentary + loss-prevention case studies,Outreach,DA 78,Strong B2B retail audience; runs guest commentary
Australian Retailers Association (ARA),Sponsored/Editorial,https://www.retail.org.au/retail-crime,P1,Membership + cite ARA stats in StateGuard report; reciprocal mention,Outreach,DA 71,Top-cited retail crime source nationally
National Retail Association,Editorial,https://www.nationalretail.org.au/policy-advocacy/safe-retail,P2,Submit case study for Retail Crime advocacy page,Outreach,DA 64,Policy-advocacy angle
Master Builders NSW,Member Newsletter,https://www.mbansw.asn.au,P1,Pitch Western Sydney construction security playbook as member resource,Outreach,DA 60,High-converting B2B audience (builders)
Master Builders Victoria,Member Newsletter,https://www.mbav.com.au,P2,Pitch construction security cost guide,Outreach,DA 58,—
ASIAL.com.au,Member Directory + Editorial,https://asial.com.au,P1,Ensure StateGuard listed in member directory + Grade A1 list current,Verify,DA 65,Peak-body listing = entity authority signal for AI engines
LinkedIn (Author Pages — leadership),Author Article,https://linkedin.com,P1,Leadership team publishes 1 Article/month each (CEO, Head of Ops),Active,DA 98,Personal-brand schema feeds Author + Person entity signals
ProductReview.com.au,Review Profile,https://www.productreview.com.au,P1,Claim/create business listing + solicit reviews from existing clients,To Claim,DA 73,Big AU local-SEO citation; AI engines cite for review queries
Trustpilot,Review Profile,https://www.trustpilot.com,P1,Claim/create business profile + integrate review widget,To Claim,DA 93,Global trust signal; ranks for branded searches
Google Business Profile,Citation + Reviews,https://business.google.com,P1,Claim + verify + post weekly updates + solicit reviews,Verify,—,Single biggest local-SEO + AI-engine signal
Bing Places for Business,Citation,https://www.bingplaces.com,P1,Claim + verify (auto-import from GBP),To Set Up,—,Powers Bing Copilot citations
Apple Business Connect,Citation + Maps,https://businessconnect.apple.com,P2,Claim + verify,To Set Up,—,Powers Siri + Apple Maps results
True Local,Directory,https://www.truelocal.com.au,P1,Claim or create listing in correct category (Security Services),To Submit,DA 64,Top AU local-SEO citation
Yellow Pages Australia,Directory,https://www.yellowpages.com.au,P1,Claim/create listing in Security Services category,To Submit,DA 78,Top AU directory; ranks #2 for many security category queries
White Pages Australia,Directory,https://www.whitepages.com.au,P2,Claim/create business listing,To Submit,DA 75,Free NAP citation
Hotfrog Australia,Directory,https://www.hotfrog.com.au,P3,Update existing Craigieburn listing — fix category from Administrative to Security Services,Fix,DA 56,Listing exists but wrong category — quick win
StartLocal,Directory,https://www.startlocal.com.au,P2,Create listing,To Submit,DA 50,—
Local Search Australia,Directory,https://www.localsearch.com.au,P2,Create listing,To Submit,DA 48,—
Word of Mouth Online,Directory,https://www.womo.com.au,P3,Create listing,To Submit,DA 42,—
Aussie Web,Directory,https://www.aussieweb.com.au,P3,Create listing,To Submit,DA 40,—
Crunchbase,Business Entity,https://www.crunchbase.com,P2,Claim/create company profile + employees + tags,To Submit,DA 91,Feeds knowledge-graph entity signal for AI engines
Glassdoor Australia,Employer Profile,https://www.glassdoor.com.au,P3,Claim employer profile + respond to reviews,To Set Up,DA 88,Trust signal + recruitment + brand authority
ABN Lookup,Government Citation,https://abr.business.gov.au,P1,Verify ABN listing current and matches NAP exactly,Verify,DA 90,Government trust signal
Business.gov.au,Government Listing,https://business.gov.au,P2,Submit business profile,To Submit,DA 94,Government trust signal
LinkedIn (Industry groups),Community,https://linkedin.com,P2,Active participation in AU Security + Facility Management groups,Active,—,Reply to questions; share blog posts when relevant
Reddit r/AusBusiness,Community Drafts,https://reddit.com/r/AusBusiness,P3,Draft responses to relevant threads (human-posted only),Drafts Only,—,Never auto-post — drafts queue only
Quora (security topics),Community Drafts,https://quora.com,P3,Draft expert answers (human-posted only),Drafts Only,—,Same as Reddit — drafts only
HARO / SourceBottle / Qwoted,Journalist Pitch,https://www.sourcebottle.com,P1,Bot pulls journalist queries 3x daily; human reviews + sends pitches,Active,—,Highest-converting backlink source for security industry
